{"cameraMode":{"drawMode":0,"name":"Shaded","section":"Shading Mode"},"sceneLighting":true,"audioPlay":false,"sceneViewState":{"showFog":true,"showMaterialUpdate":false,"showSkybox":true,"showFlares":true,"showImageEffects":true,"showParticleSystems":true,"showVisualEffectGraphs":true,"m_FxEnabled":true},"in2DMode":false,"pivot":{"x":2.1483516693115236,"y":-188.1058807373047,"z":237.89227294921876},"rotation":{"x":-0.32597875595092776,"y":-0.012190282344818116,"z":0.004481043666601181,"w":-0.9454647898674011},"size":173.6392364501953,"orthographic":false}